channel_id,name,program_id,url
0,"LIVE Stream 1",L_CH0_P0,https://www.youtube.com/watch?v=E7QYG-D1o4Y
0,"LIVE Stream 1",L_CH0_P1,https://www.youtube.com/watch?v=w49ZSyfo36M
0,"LIVE Stream 1",L_CH0_P2,https://www.youtube.com/watch?v=gWkhyPxMdEQ
0,"LIVE Stream 1",L_CH0_P3,https://www.youtube.com/watch?v=mCULxGfzPIg
0,"LIVE Stream 1",L_CH0_P4,https://www.youtube.com/watch?v=fh9cNDi8RYI
1,"LIVE Stream 2",L_CH1_P0,https://www.youtube.com/watch?v=JruBYA6Cdn0
1,"LIVE Stream 2",L_CH1_P1,https://www.youtube.com/watch?v=Cj44GCykI6s
1,"LIVE Stream 2",L_CH1_P2,https://www.youtube.com/watch?v=JS2LFhZgREk
1,"LIVE Stream 2",L_CH1_P3,https://www.youtube.com/watch?v=qar-SlBFlsc
1,"LIVE Stream 2",L_CH1_P4,https://www.youtube.com/watch?v=IIvqXGAu-eU
2,"LIVE Stream 3",L_CH2_P0,https://www.youtube.com/watch?v=Cj44GCykI6s
2,"LIVE Stream 3",L_CH2_P1,https://www.youtube.com/watch?v=A816UNFXaS0
2,"LIVE Stream 3",L_CH2_P2,https://www.youtube.com/watch?v=dCPiEWlAbHo
2,"LIVE Stream 3",L_CH2_P3,https://www.youtube.com/watch?v=dCPiEWlAbHo
2,"LIVE Stream 3",L_CH2_P4,https://www.youtube.com/watch?v=JS2LFhZgREk
3,"LIVE Stream 4",L_CH3_P0,https://www.youtube.com/watch?v=9UDkloqRd7s
3,"LIVE Stream 4",L_CH3_P1,https://www.youtube.com/watch?v=2wMeRyp9hTI
3,"LIVE Stream 4",L_CH3_P2,https://www.youtube.com/watch?v=R-S3NUNTfjU
3,"LIVE Stream 4",L_CH3_P3,https://www.youtube.com/watch?v=R-S3NUNTfjU
3,"LIVE Stream 4",L_CH3_P4,https://www.youtube.com/watch?v=9UDkloqRd7s
4,"LIVE Stream 5",L_CH4_P0,https://www.youtube.com/watch?v=6nTLWGT2ZB4
4,"LIVE Stream 5",L_CH4_P1,https://www.youtube.com/watch?v=MYKt1Q-ntpI
4,"LIVE Stream 5",L_CH4_P2,https://www.youtube.com/watch?v=-dmkXtBolw8
4,"LIVE Stream 5",L_CH4_P3,https://www.youtube.com/watch?v=zneEMD-ZOSI
4,"LIVE Stream 5",L_CH4_P4,https://www.youtube.com/watch?v=ZLAeXxW0Frk
5,"LIVE Stream 6",L_CH5_P0,https://www.youtube.com/watch?v=zneEMD-ZOSI
5,"LIVE Stream 6",L_CH5_P1,https://www.youtube.com/watch?v=Gqlgd8rORgI
5,"LIVE Stream 6",L_CH5_P2,https://www.youtube.com/watch?v=oSPwBCMbkb4
5,"LIVE Stream 6",L_CH5_P3,https://www.youtube.com/watch?v=jy-l3ouFMS0
5,"LIVE Stream 6",L_CH5_P4,https://www.youtube.com/watch?v=M07cPT7uA2o
6,"LIVE Stream 7",L_CH6_P0,https://www.youtube.com/watch?v=jy-l3ouFMS0
6,"LIVE Stream 7",L_CH6_P1,https://www.youtube.com/watch?v=w49ZSyfo36M
6,"LIVE Stream 7",L_CH6_P2,https://www.youtube.com/watch?v=9UDkloqRd7s
6,"LIVE Stream 7",L_CH6_P3,https://www.youtube.com/watch?v=2aQTYHc0DBM
6,"LIVE Stream 7",L_CH6_P4,https://www.youtube.com/watch?v=qar-SlBFlsc
7,"LIVE Stream 8",L_CH7_P0,https://www.youtube.com/watch?v=MYKt1Q-ntpI
7,"LIVE Stream 8",L_CH7_P1,https://www.youtube.com/watch?v=MYKt1Q-ntpI
7,"LIVE Stream 8",L_CH7_P2,https://www.youtube.com/watch?v=ncyPhh3jAqI
7,"LIVE Stream 8",L_CH7_P3,https://www.youtube.com/watch?v=jFOIx7p4teQ
7,"LIVE Stream 8",L_CH7_P4,https://www.youtube.com/watch?v=Gqlgd8rORgI
8,"LIVE Stream 9",L_CH8_P0,https://www.youtube.com/watch?v=yjw3XxJJFik
8,"LIVE Stream 9",L_CH8_P1,https://www.youtube.com/watch?v=Cj44GCykI6s
8,"LIVE Stream 9",L_CH8_P2,https://www.youtube.com/watch?v=Jj0E03q6Zcw
8,"LIVE Stream 9",L_CH8_P3,https://www.youtube.com/watch?v=qar-SlBFlsc
8,"LIVE Stream 9",L_CH8_P4,https://www.youtube.com/watch?v=l_sEHUKTl-0
9,"LIVE Stream 10",L_CH9_P0,https://www.youtube.com/watch?v=JruBYA6Cdn0
9,"LIVE Stream 10",L_CH9_P1,https://www.youtube.com/watch?v=2wMeRyp9hTI
9,"LIVE Stream 10",L_CH9_P2,https://www.youtube.com/watch?v=jFOIx7p4teQ
9,"LIVE Stream 10",L_CH9_P3,https://www.youtube.com/watch?v=1E5ZM4RWCCE
9,"LIVE Stream 10",L_CH9_P4,https://www.youtube.com/watch?v=cmMNb1wo4sY
10,"LIVE Stream 11",L_CH10_P0,https://www.youtube.com/watch?v=fh9cNDi8RYI
10,"LIVE Stream 11",L_CH10_P1,https://www.youtube.com/watch?v=akDdJTfXeu8
10,"LIVE Stream 11",L_CH10_P2,https://www.youtube.com/watch?v=qar-SlBFlsc
10,"LIVE Stream 11",L_CH10_P3,https://www.youtube.com/watch?v=5UdP15IyPwY
10,"LIVE Stream 11",L_CH10_P4,https://www.youtube.com/watch?v=Cj44GCykI6s
11,"LIVE Stream 12",L_CH11_P0,https://www.youtube.com/watch?v=3MOrgUjiigE
11,"LIVE Stream 12",L_CH11_P1,https://www.youtube.com/watch?v=5UdP15IyPwY
11,"LIVE Stream 12",L_CH11_P2,https://www.youtube.com/watch?v=gWkhyPxMdEQ
11,"LIVE Stream 12",L_CH11_P3,https://www.youtube.com/watch?v=5UdP15IyPwY
11,"LIVE Stream 12",L_CH11_P4,https://www.youtube.com/watch?v=1ENewOqrwLo
12,"LIVE Stream 13",L_CH12_P0,https://www.youtube.com/watch?v=0rEZ9Kx_SVM
12,"LIVE Stream 13",L_CH12_P1,https://www.youtube.com/watch?v=NxP9Y3VMdsk
12,"LIVE Stream 13",L_CH12_P2,https://www.youtube.com/watch?v=2aQTYHc0DBM
12,"LIVE Stream 13",L_CH12_P3,https://www.youtube.com/watch?v=5UdP15IyPwY
12,"LIVE Stream 13",L_CH12_P4,https://www.youtube.com/watch?v=cmMNb1wo4sY
13,"LIVE Stream 14",L_CH13_P0,https://www.youtube.com/watch?v=fh9cNDi8RYI
13,"LIVE Stream 14",L_CH13_P1,https://www.youtube.com/watch?v=oSPwBCMbkb4
13,"LIVE Stream 14",L_CH13_P2,https://www.youtube.com/watch?v=ncyPhh3jAqI
13,"LIVE Stream 14",L_CH13_P3,https://www.youtube.com/watch?v=zneEMD-ZOSI
13,"LIVE Stream 14",L_CH13_P4,https://www.youtube.com/watch?v=E7QYG-D1o4Y
14,"LIVE Stream 15",L_CH14_P0,https://www.youtube.com/watch?v=yjw3XxJJFik
14,"LIVE Stream 15",L_CH14_P1,https://www.youtube.com/watch?v=yjw3XxJJFik
14,"LIVE Stream 15",L_CH14_P2,https://www.youtube.com/watch?v=5UdP15IyPwY
14,"LIVE Stream 15",L_CH14_P3,https://www.youtube.com/watch?v=dCPiEWlAbHo
14,"LIVE Stream 15",L_CH14_P4,https://www.youtube.com/watch?v=E7QYG-D1o4Y
15,"LIVE Stream 16",L_CH15_P0,https://www.youtube.com/watch?v=zi9knajcejY
15,"LIVE Stream 16",L_CH15_P1,https://www.youtube.com/watch?v=MtpUWw94BVk
15,"LIVE Stream 16",L_CH15_P2,https://www.youtube.com/watch?v=piorzsmDicQ
15,"LIVE Stream 16",L_CH15_P3,https://www.youtube.com/watch?v=mCULxGfzPIg
15,"LIVE Stream 16",L_CH15_P4,https://www.youtube.com/watch?v=M07cPT7uA2o
16,"LIVE Stream 17",L_CH16_P0,https://www.youtube.com/watch?v=1ENewOqrwLo
16,"LIVE Stream 17",L_CH16_P1,https://www.youtube.com/watch?v=2aQTYHc0DBM
16,"LIVE Stream 17",L_CH16_P2,https://www.youtube.com/watch?v=dCPiEWlAbHo
16,"LIVE Stream 17",L_CH16_P3,https://www.youtube.com/watch?v=6nTLWGT2ZB4
16,"LIVE Stream 17",L_CH16_P4,https://www.youtube.com/watch?v=ncyPhh3jAqI
17,"LIVE Stream 18",L_CH17_P0,https://www.youtube.com/watch?v=jy-l3ouFMS0
17,"LIVE Stream 18",L_CH17_P1,https://www.youtube.com/watch?v=dvd8E_bFpUM
17,"LIVE Stream 18",L_CH17_P2,https://www.youtube.com/watch?v=cmMNb1wo4sY
17,"LIVE Stream 18",L_CH17_P3,https://www.youtube.com/watch?v=MYKt1Q-ntpI
17,"LIVE Stream 18",L_CH17_P4,https://www.youtube.com/watch?v=Y3fgUJ91ZvM
18,"LIVE Stream 19",L_CH18_P0,https://www.youtube.com/watch?v=NxP9Y3VMdsk
18,"LIVE Stream 19",L_CH18_P1,https://www.youtube.com/watch?v=MtpUWw94BVk
18,"LIVE Stream 19",L_CH18_P2,https://www.youtube.com/watch?v=w49ZSyfo36M
18,"LIVE Stream 19",L_CH18_P3,https://www.youtube.com/watch?v=A816UNFXaS0
18,"LIVE Stream 19",L_CH18_P4,https://www.youtube.com/watch?v=R-S3NUNTfjU
19,"LIVE Stream 20",L_CH19_P0,https://www.youtube.com/watch?v=Jj0E03q6Zcw
19,"LIVE Stream 20",L_CH19_P1,https://www.youtube.com/watch?v=TPxlXo9X0gQ
19,"LIVE Stream 20",L_CH19_P2,https://www.youtube.com/watch?v=ncyPhh3jAqI
19,"LIVE Stream 20",L_CH19_P3,https://www.youtube.com/watch?v=R-S3NUNTfjU
19,"LIVE Stream 20",L_CH19_P4,https://www.youtube.com/watch?v=jy-l3ouFMS0
20,"LIVE Stream 21",L_CH20_P0,https://www.youtube.com/watch?v=cmMNb1wo4sY
20,"LIVE Stream 21",L_CH20_P1,https://www.youtube.com/watch?v=Cj44GCykI6s
20,"LIVE Stream 21",L_CH20_P2,https://www.youtube.com/watch?v=w49ZSyfo36M
20,"LIVE Stream 21",L_CH20_P3,https://www.youtube.com/watch?v=2wMeRyp9hTI
20,"LIVE Stream 21",L_CH20_P4,https://www.youtube.com/watch?v=Gqlgd8rORgI
21,"LIVE Stream 22",L_CH21_P0,https://www.youtube.com/watch?v=mCULxGfzPIg
21,"LIVE Stream 22",L_CH21_P1,https://www.youtube.com/watch?v=TPxlXo9X0gQ
21,"LIVE Stream 22",L_CH21_P2,https://www.youtube.com/watch?v=gWkhyPxMdEQ
21,"LIVE Stream 22",L_CH21_P3,https://www.youtube.com/watch?v=Gqlgd8rORgI
21,"LIVE Stream 22",L_CH21_P4,https://www.youtube.com/watch?v=MYKt1Q-ntpI
22,"LIVE Stream 23",L_CH22_P0,https://www.youtube.com/watch?v=M07cPT7uA2o
22,"LIVE Stream 23",L_CH22_P1,https://www.youtube.com/watch?v=6nTLWGT2ZB4
22,"LIVE Stream 23",L_CH22_P2,https://www.youtube.com/watch?v=cmMNb1wo4sY
22,"LIVE Stream 23",L_CH22_P3,https://www.youtube.com/watch?v=cmMNb1wo4sY
22,"LIVE Stream 23",L_CH22_P4,https://www.youtube.com/watch?v=MtpUWw94BVk
23,"LIVE Stream 24",L_CH23_P0,https://www.youtube.com/watch?v=77eZBLxNrfo
23,"LIVE Stream 24",L_CH23_P1,https://www.youtube.com/watch?v=1E5ZM4RWCCE
23,"LIVE Stream 24",L_CH23_P2,https://www.youtube.com/watch?v=OiVfGx5_HTY
23,"LIVE Stream 24",L_CH23_P3,https://www.youtube.com/watch?v=mCULxGfzPIg
23,"LIVE Stream 24",L_CH23_P4,https://www.youtube.com/watch?v=R-S3NUNTfjU
24,"LIVE Stream 25",L_CH24_P0,https://www.youtube.com/watch?v=1ENewOqrwLo
24,"LIVE Stream 25",L_CH24_P1,https://www.youtube.com/watch?v=72fsBjqH63c
24,"LIVE Stream 25",L_CH24_P2,https://www.youtube.com/watch?v=jFOIx7p4teQ
24,"LIVE Stream 25",L_CH24_P3,https://www.youtube.com/watch?v=3MOrgUjiigE
24,"LIVE Stream 25",L_CH24_P4,https://www.youtube.com/watch?v=R-S3NUNTfjU
25,"LIVE Stream 26",L_CH25_P0,https://www.youtube.com/watch?v=l_sEHUKTl-0
25,"LIVE Stream 26",L_CH25_P1,https://www.youtube.com/watch?v=IIvqXGAu-eU
25,"LIVE Stream 26",L_CH25_P2,https://www.youtube.com/watch?v=akDdJTfXeu8
25,"LIVE Stream 26",L_CH25_P3,https://www.youtube.com/watch?v=77eZBLxNrfo
25,"LIVE Stream 26",L_CH25_P4,https://www.youtube.com/watch?v=piorzsmDicQ
26,"LIVE Stream 27",L_CH26_P0,https://www.youtube.com/watch?v=Jj0E03q6Zcw
26,"LIVE Stream 27",L_CH26_P1,https://www.youtube.com/watch?v=mCULxGfzPIg
26,"LIVE Stream 27",L_CH26_P2,https://www.youtube.com/watch?v=2wMeRyp9hTI
26,"LIVE Stream 27",L_CH26_P3,https://www.youtube.com/watch?v=l_sEHUKTl-0
26,"LIVE Stream 27",L_CH26_P4,https://www.youtube.com/watch?v=IIvqXGAu-eU
27,"LIVE Stream 28",L_CH27_P0,https://www.youtube.com/watch?v=3MOrgUjiigE
27,"LIVE Stream 28",L_CH27_P1,https://www.youtube.com/watch?v=RPrsiPQZXlw
27,"LIVE Stream 28",L_CH27_P2,https://www.youtube.com/watch?v=l_sEHUKTl-0
27,"LIVE Stream 28",L_CH27_P3,https://www.youtube.com/watch?v=Cj44GCykI6s
27,"LIVE Stream 28",L_CH27_P4,https://www.youtube.com/watch?v=A816UNFXaS0
28,"LIVE Stream 29",L_CH28_P0,https://www.youtube.com/watch?v=gWkhyPxMdEQ
28,"LIVE Stream 29",L_CH28_P1,https://www.youtube.com/watch?v=piorzsmDicQ
28,"LIVE Stream 29",L_CH28_P2,https://www.youtube.com/watch?v=E7QYG-D1o4Y
28,"LIVE Stream 29",L_CH28_P3,https://www.youtube.com/watch?v=ZLAeXxW0Frk
28,"LIVE Stream 29",L_CH28_P4,https://www.youtube.com/watch?v=2aQTYHc0DBM
29,"LIVE Stream 30",L_CH29_P0,https://www.youtube.com/watch?v=jFOIx7p4teQ
29,"LIVE Stream 30",L_CH29_P1,https://www.youtube.com/watch?v=qar-SlBFlsc
29,"LIVE Stream 30",L_CH29_P2,https://www.youtube.com/watch?v=zneEMD-ZOSI
29,"LIVE Stream 30",L_CH29_P3,https://www.youtube.com/watch?v=mCULxGfzPIg
29,"LIVE Stream 30",L_CH29_P4,https://www.youtube.com/watch?v=IIvqXGAu-eU
30,"LIVE Stream 31",L_CH30_P0,https://www.youtube.com/watch?v=Y3fgUJ91ZvM
30,"LIVE Stream 31",L_CH30_P1,https://www.youtube.com/watch?v=dCPiEWlAbHo
30,"LIVE Stream 31",L_CH30_P2,https://www.youtube.com/watch?v=CfLSE8zGRww
30,"LIVE Stream 31",L_CH30_P3,https://www.youtube.com/watch?v=5UdP15IyPwY
30,"LIVE Stream 31",L_CH30_P4,https://www.youtube.com/watch?v=Jj0E03q6Zcw
31,"LIVE Stream 32",L_CH31_P0,https://www.youtube.com/watch?v=1ENewOqrwLo
31,"LIVE Stream 32",L_CH31_P1,https://www.youtube.com/watch?v=1E5ZM4RWCCE
31,"LIVE Stream 32",L_CH31_P2,https://www.youtube.com/watch?v=MtpUWw94BVk
31,"LIVE Stream 32",L_CH31_P3,https://www.youtube.com/watch?v=2aQTYHc0DBM
31,"LIVE Stream 32",L_CH31_P4,https://www.youtube.com/watch?v=fh9cNDi8RYI
32,"LIVE Stream 33",L_CH32_P0,https://www.youtube.com/watch?v=Y3fgUJ91ZvM
32,"LIVE Stream 33",L_CH32_P1,https://www.youtube.com/watch?v=akDdJTfXeu8
32,"LIVE Stream 33",L_CH32_P2,https://www.youtube.com/watch?v=yjw3XxJJFik
32,"LIVE Stream 33",L_CH32_P3,https://www.youtube.com/watch?v=oSPwBCMbkb4
32,"LIVE Stream 33",L_CH32_P4,https://www.youtube.com/watch?v=mCULxGfzPIg
33,"LIVE Stream 34",L_CH33_P0,https://www.youtube.com/watch?v=mzv7UswnrsU
33,"LIVE Stream 34",L_CH33_P1,https://www.youtube.com/watch?v=cmMNb1wo4sY
33,"LIVE Stream 34",L_CH33_P2,https://www.youtube.com/watch?v=dvd8E_bFpUM
33,"LIVE Stream 34",L_CH33_P3,https://www.youtube.com/watch?v=fh9cNDi8RYI
33,"LIVE Stream 34",L_CH33_P4,https://www.youtube.com/watch?v=IIvqXGAu-eU
34,"LIVE Stream 35",L_CH34_P0,https://www.youtube.com/watch?v=mzv7UswnrsU
34,"LIVE Stream 35",L_CH34_P1,https://www.youtube.com/watch?v=1E5ZM4RWCCE
34,"LIVE Stream 35",L_CH34_P2,https://www.youtube.com/watch?v=77eZBLxNrfo
34,"LIVE Stream 35",L_CH34_P3,https://www.youtube.com/watch?v=yjw3XxJJFik
34,"LIVE Stream 35",L_CH34_P4,https://www.youtube.com/watch?v=dCPiEWlAbHo
35,"LIVE Stream 36",L_CH35_P0,https://www.youtube.com/watch?v=9UDkloqRd7s
35,"LIVE Stream 36",L_CH35_P1,https://www.youtube.com/watch?v=Jj0E03q6Zcw
35,"LIVE Stream 36",L_CH35_P2,https://www.youtube.com/watch?v=3MOrgUjiigE
35,"LIVE Stream 36",L_CH35_P3,https://www.youtube.com/watch?v=E7QYG-D1o4Y
35,"LIVE Stream 36",L_CH35_P4,https://www.youtube.com/watch?v=MYKt1Q-ntpI
36,"LIVE Stream 37",L_CH36_P0,https://www.youtube.com/watch?v=A816UNFXaS0
36,"LIVE Stream 37",L_CH36_P1,https://www.youtube.com/watch?v=Jj0E03q6Zcw
36,"LIVE Stream 37",L_CH36_P2,https://www.youtube.com/watch?v=zneEMD-ZOSI
36,"LIVE Stream 37",L_CH36_P3,https://www.youtube.com/watch?v=zi9knajcejY
36,"LIVE Stream 37",L_CH36_P4,https://www.youtube.com/watch?v=cmMNb1wo4sY
37,"LIVE Stream 38",L_CH37_P0,https://www.youtube.com/watch?v=Gqlgd8rORgI
37,"LIVE Stream 38",L_CH37_P1,https://www.youtube.com/watch?v=dvd8E_bFpUM
37,"LIVE Stream 38",L_CH37_P2,https://www.youtube.com/watch?v=CfLSE8zGRww
37,"LIVE Stream 38",L_CH37_P3,https://www.youtube.com/watch?v=5UdP15IyPwY
37,"LIVE Stream 38",L_CH37_P4,https://www.youtube.com/watch?v=2aQTYHc0DBM
38,"LIVE Stream 39",L_CH38_P0,https://www.youtube.com/watch?v=2wMeRyp9hTI
38,"LIVE Stream 39",L_CH38_P1,https://www.youtube.com/watch?v=MYKt1Q-ntpI
38,"LIVE Stream 39",L_CH38_P2,https://www.youtube.com/watch?v=JS2LFhZgREk
38,"LIVE Stream 39",L_CH38_P3,https://www.youtube.com/watch?v=piorzsmDicQ
38,"LIVE Stream 39",L_CH38_P4,https://www.youtube.com/watch?v=JruBYA6Cdn0
39,"LIVE Stream 40",L_CH39_P0,https://www.youtube.com/watch?v=2aQTYHc0DBM
39,"LIVE Stream 40",L_CH39_P1,https://www.youtube.com/watch?v=l_sEHUKTl-0
39,"LIVE Stream 40",L_CH39_P2,https://www.youtube.com/watch?v=l_sEHUKTl-0
39,"LIVE Stream 40",L_CH39_P3,https://www.youtube.com/watch?v=w49ZSyfo36M
39,"LIVE Stream 40",L_CH39_P4,https://www.youtube.com/watch?v=ncyPhh3jAqI
40,"LIVE Stream 41",L_CH40_P0,https://www.youtube.com/watch?v=2wMeRyp9hTI
40,"LIVE Stream 41",L_CH40_P1,https://www.youtube.com/watch?v=dvd8E_bFpUM
40,"LIVE Stream 41",L_CH40_P2,https://www.youtube.com/watch?v=Gqlgd8rORgI
40,"LIVE Stream 41",L_CH40_P3,https://www.youtube.com/watch?v=akDdJTfXeu8
40,"LIVE Stream 41",L_CH40_P4,https://www.youtube.com/watch?v=dCPiEWlAbHo
41,"LIVE Stream 42",L_CH41_P0,https://www.youtube.com/watch?v=72fsBjqH63c
41,"LIVE Stream 42",L_CH41_P1,https://www.youtube.com/watch?v=fh9cNDi8RYI
41,"LIVE Stream 42",L_CH41_P2,https://www.youtube.com/watch?v=cmMNb1wo4sY
41,"LIVE Stream 42",L_CH41_P3,https://www.youtube.com/watch?v=Cj44GCykI6s
41,"LIVE Stream 42",L_CH41_P4,https://www.youtube.com/watch?v=l_sEHUKTl-0
42,"LIVE Stream 43",L_CH42_P0,https://www.youtube.com/watch?v=jFOIx7p4teQ
42,"LIVE Stream 43",L_CH42_P1,https://www.youtube.com/watch?v=M07cPT7uA2o
42,"LIVE Stream 43",L_CH42_P2,https://www.youtube.com/watch?v=cmMNb1wo4sY
42,"LIVE Stream 43",L_CH42_P3,https://www.youtube.com/watch?v=OiVfGx5_HTY
42,"LIVE Stream 43",L_CH42_P4,https://www.youtube.com/watch?v=ncyPhh3jAqI
43,"LIVE Stream 44",L_CH43_P0,https://www.youtube.com/watch?v=IIvqXGAu-eU
43,"LIVE Stream 44",L_CH43_P1,https://www.youtube.com/watch?v=zi9knajcejY
43,"LIVE Stream 44",L_CH43_P2,https://www.youtube.com/watch?v=TPxlXo9X0gQ
43,"LIVE Stream 44",L_CH43_P3,https://www.youtube.com/watch?v=1E5ZM4RWCCE
43,"LIVE Stream 44",L_CH43_P4,https://www.youtube.com/watch?v=JruBYA6Cdn0
44,"LIVE Stream 45",L_CH44_P0,https://www.youtube.com/watch?v=Gqlgd8rORgI
44,"LIVE Stream 45",L_CH44_P1,https://www.youtube.com/watch?v=NxP9Y3VMdsk
44,"LIVE Stream 45",L_CH44_P2,https://www.youtube.com/watch?v=akDdJTfXeu8
44,"LIVE Stream 45",L_CH44_P3,https://www.youtube.com/watch?v=dvd8E_bFpUM
44,"LIVE Stream 45",L_CH44_P4,https://www.youtube.com/watch?v=ncyPhh3jAqI
45,"LIVE Stream 46",L_CH45_P0,https://www.youtube.com/watch?v=A816UNFXaS0
45,"LIVE Stream 46",L_CH45_P1,https://www.youtube.com/watch?v=E7QYG-D1o4Y
45,"LIVE Stream 46",L_CH45_P2,https://www.youtube.com/watch?v=1E5ZM4RWCCE
45,"LIVE Stream 46",L_CH45_P3,https://www.youtube.com/watch?v=zi9knajcejY
45,"LIVE Stream 46",L_CH45_P4,https://www.youtube.com/watch?v=NxP9Y3VMdsk
46,"LIVE Stream 47",L_CH46_P0,https://www.youtube.com/watch?v=MtpUWw94BVk
46,"LIVE Stream 47",L_CH46_P1,https://www.youtube.com/watch?v=ZLAeXxW0Frk
46,"LIVE Stream 47",L_CH46_P2,https://www.youtube.com/watch?v=2aQTYHc0DBM
46,"LIVE Stream 47",L_CH46_P3,https://www.youtube.com/watch?v=oSPwBCMbkb4
46,"LIVE Stream 47",L_CH46_P4,https://www.youtube.com/watch?v=2aQTYHc0DBM
47,"LIVE Stream 48",L_CH47_P0,https://www.youtube.com/watch?v=MYKt1Q-ntpI
47,"LIVE Stream 48",L_CH47_P1,https://www.youtube.com/watch?v=mCULxGfzPIg
47,"LIVE Stream 48",L_CH47_P2,https://www.youtube.com/watch?v=0rEZ9Kx_SVM
47,"LIVE Stream 48",L_CH47_P3,https://www.youtube.com/watch?v=akDdJTfXeu8
47,"LIVE Stream 48",L_CH47_P4,https://www.youtube.com/watch?v=qar-SlBFlsc
48,"LIVE Stream 49",L_CH48_P0,https://www.youtube.com/watch?v=R-S3NUNTfjU
48,"LIVE Stream 49",L_CH48_P1,https://www.youtube.com/watch?v=MYKt1Q-ntpI
48,"LIVE Stream 49",L_CH48_P2,https://www.youtube.com/watch?v=3MOrgUjiigE
48,"LIVE Stream 49",L_CH48_P3,https://www.youtube.com/watch?v=zi9knajcejY
48,"LIVE Stream 49",L_CH48_P4,https://www.youtube.com/watch?v=2wMeRyp9hTI
49,"LIVE Stream 50",L_CH49_P0,https://www.youtube.com/watch?v=2wMeRyp9hTI
49,"LIVE Stream 50",L_CH49_P1,https://www.youtube.com/watch?v=NxP9Y3VMdsk
49,"LIVE Stream 50",L_CH49_P2,https://www.youtube.com/watch?v=ncyPhh3jAqI
49,"LIVE Stream 50",L_CH49_P3,https://www.youtube.com/watch?v=2aQTYHc0DBM
49,"LIVE Stream 50",L_CH49_P4,https://www.youtube.com/watch?v=JruBYA6Cdn0
50,"LIVE Stream 51",L_CH50_P0,https://www.youtube.com/watch?v=5UdP15IyPwY
50,"LIVE Stream 51",L_CH50_P1,https://www.youtube.com/watch?v=6nTLWGT2ZB4
50,"LIVE Stream 51",L_CH50_P2,https://www.youtube.com/watch?v=77eZBLxNrfo
50,"LIVE Stream 51",L_CH50_P3,https://www.youtube.com/watch?v=5UdP15IyPwY
50,"LIVE Stream 51",L_CH50_P4,https://www.youtube.com/watch?v=CfLSE8zGRww
51,"LIVE Stream 52",L_CH51_P0,https://www.youtube.com/watch?v=zneEMD-ZOSI
51,"LIVE Stream 52",L_CH51_P1,https://www.youtube.com/watch?v=akDdJTfXeu8
51,"LIVE Stream 52",L_CH51_P2,https://www.youtube.com/watch?v=R-S3NUNTfjU
51,"LIVE Stream 52",L_CH51_P3,https://www.youtube.com/watch?v=-dmkXtBolw8
51,"LIVE Stream 52",L_CH51_P4,https://www.youtube.com/watch?v=gWkhyPxMdEQ
52,"LIVE Stream 53",L_CH52_P0,https://www.youtube.com/watch?v=77eZBLxNrfo
52,"LIVE Stream 53",L_CH52_P1,https://www.youtube.com/watch?v=CfLSE8zGRww
52,"LIVE Stream 53",L_CH52_P2,https://www.youtube.com/watch?v=OiVfGx5_HTY
52,"LIVE Stream 53",L_CH52_P3,https://www.youtube.com/watch?v=piorzsmDicQ
52,"LIVE Stream 53",L_CH52_P4,https://www.youtube.com/watch?v=akDdJTfXeu8
53,"LIVE Stream 54",L_CH53_P0,https://www.youtube.com/watch?v=2aQTYHc0DBM
53,"LIVE Stream 54",L_CH53_P1,https://www.youtube.com/watch?v=jy-l3ouFMS0
53,"LIVE Stream 54",L_CH53_P2,https://www.youtube.com/watch?v=6nTLWGT2ZB4
53,"LIVE Stream 54",L_CH53_P3,https://www.youtube.com/watch?v=72fsBjqH63c
53,"LIVE Stream 54",L_CH53_P4,https://www.youtube.com/watch?v=77eZBLxNrfo
54,"LIVE Stream 55",L_CH54_P0,https://www.youtube.com/watch?v=dCPiEWlAbHo
54,"LIVE Stream 55",L_CH54_P1,https://www.youtube.com/watch?v=mzv7UswnrsU
54,"LIVE Stream 55",L_CH54_P2,https://www.youtube.com/watch?v=72fsBjqH63c
54,"LIVE Stream 55",L_CH54_P3,https://www.youtube.com/watch?v=Cj44GCykI6s
54,"LIVE Stream 55",L_CH54_P4,https://www.youtube.com/watch?v=Jj0E03q6Zcw
55,"LIVE Stream 56",L_CH55_P0,https://www.youtube.com/watch?v=qar-SlBFlsc
55,"LIVE Stream 56",L_CH55_P1,https://www.youtube.com/watch?v=A816UNFXaS0
55,"LIVE Stream 56",L_CH55_P2,https://www.youtube.com/watch?v=CfLSE8zGRww
55,"LIVE Stream 56",L_CH55_P3,https://www.youtube.com/watch?v=mCULxGfzPIg
55,"LIVE Stream 56",L_CH55_P4,https://www.youtube.com/watch?v=ncyPhh3jAqI
56,"LIVE Stream 57",L_CH56_P0,https://www.youtube.com/watch?v=3MOrgUjiigE
56,"LIVE Stream 57",L_CH56_P1,https://www.youtube.com/watch?v=72fsBjqH63c
56,"LIVE Stream 57",L_CH56_P2,https://www.youtube.com/watch?v=CfLSE8zGRww
56,"LIVE Stream 57",L_CH56_P3,https://www.youtube.com/watch?v=A816UNFXaS0
56,"LIVE Stream 57",L_CH56_P4,https://www.youtube.com/watch?v=gWkhyPxMdEQ
57,"LIVE Stream 58",L_CH57_P0,https://www.youtube.com/watch?v=Cj44GCykI6s
57,"LIVE Stream 58",L_CH57_P1,https://www.youtube.com/watch?v=IIvqXGAu-eU
57,"LIVE Stream 58",L_CH57_P2,https://www.youtube.com/watch?v=piorzsmDicQ
57,"LIVE Stream 58",L_CH57_P3,https://www.youtube.com/watch?v=zi9knajcejY
57,"LIVE Stream 58",L_CH57_P4,https://www.youtube.com/watch?v=piorzsmDicQ
58,"LIVE Stream 59",L_CH58_P0,https://www.youtube.com/watch?v=MYKt1Q-ntpI
58,"LIVE Stream 59",L_CH58_P1,https://www.youtube.com/watch?v=ncyPhh3jAqI
58,"LIVE Stream 59",L_CH58_P2,https://www.youtube.com/watch?v=-dmkXtBolw8
58,"LIVE Stream 59",L_CH58_P3,https://www.youtube.com/watch?v=w49ZSyfo36M
58,"LIVE Stream 59",L_CH58_P4,https://www.youtube.com/watch?v=CfLSE8zGRww
59,"LIVE Stream 60",L_CH59_P0,https://www.youtube.com/watch?v=JruBYA6Cdn0
59,"LIVE Stream 60",L_CH59_P1,https://www.youtube.com/watch?v=77eZBLxNrfo
59,"LIVE Stream 60",L_CH59_P2,https://www.youtube.com/watch?v=2aQTYHc0DBM
59,"LIVE Stream 60",L_CH59_P3,https://www.youtube.com/watch?v=R-S3NUNTfjU
59,"LIVE Stream 60",L_CH59_P4,https://www.youtube.com/watch?v=E7QYG-D1o4Y
60,"LIVE Stream 61",L_CH60_P0,https://www.youtube.com/watch?v=Cj44GCykI6s
60,"LIVE Stream 61",L_CH60_P1,https://www.youtube.com/watch?v=ncyPhh3jAqI
60,"LIVE Stream 61",L_CH60_P2,https://www.youtube.com/watch?v=JruBYA6Cdn0
60,"LIVE Stream 61",L_CH60_P3,https://www.youtube.com/watch?v=qar-SlBFlsc
60,"LIVE Stream 61",L_CH60_P4,https://www.youtube.com/watch?v=72fsBjqH63c
61,"LIVE Stream 62",L_CH61_P0,https://www.youtube.com/watch?v=w49ZSyfo36M
61,"LIVE Stream 62",L_CH61_P1,https://www.youtube.com/watch?v=dCPiEWlAbHo
61,"LIVE Stream 62",L_CH61_P2,https://www.youtube.com/watch?v=akDdJTfXeu8
61,"LIVE Stream 62",L_CH61_P3,https://www.youtube.com/watch?v=9UDkloqRd7s
61,"LIVE Stream 62",L_CH61_P4,https://www.youtube.com/watch?v=77eZBLxNrfo
62,"LIVE Stream 63",L_CH62_P0,https://www.youtube.com/watch?v=jy-l3ouFMS0
62,"LIVE Stream 63",L_CH62_P1,https://www.youtube.com/watch?v=l_sEHUKTl-0
62,"LIVE Stream 63",L_CH62_P2,https://www.youtube.com/watch?v=72fsBjqH63c
62,"LIVE Stream 63",L_CH62_P3,https://www.youtube.com/watch?v=6nTLWGT2ZB4
62,"LIVE Stream 63",L_CH62_P4,https://www.youtube.com/watch?v=jFOIx7p4teQ
63,"LIVE Stream 64",L_CH63_P0,https://www.youtube.com/watch?v=cmMNb1wo4sY
63,"LIVE Stream 64",L_CH63_P1,https://www.youtube.com/watch?v=72fsBjqH63c
63,"LIVE Stream 64",L_CH63_P2,https://www.youtube.com/watch?v=jy-l3ouFMS0
63,"LIVE Stream 64",L_CH63_P3,https://www.youtube.com/watch?v=zneEMD-ZOSI
63,"LIVE Stream 64",L_CH63_P4,https://www.youtube.com/watch?v=Y3fgUJ91ZvM
64,"LIVE Stream 65",L_CH64_P0,https://www.youtube.com/watch?v=zi9knajcejY
64,"LIVE Stream 65",L_CH64_P1,https://www.youtube.com/watch?v=zneEMD-ZOSI
64,"LIVE Stream 65",L_CH64_P2,https://www.youtube.com/watch?v=dvd8E_bFpUM
64,"LIVE Stream 65",L_CH64_P3,https://www.youtube.com/watch?v=Y3fgUJ91ZvM
64,"LIVE Stream 65",L_CH64_P4,https://www.youtube.com/watch?v=77eZBLxNrfo
65,"LIVE Stream 66",L_CH65_P0,https://www.youtube.com/watch?v=dvd8E_bFpUM
65,"LIVE Stream 66",L_CH65_P1,https://www.youtube.com/watch?v=NxP9Y3VMdsk
65,"LIVE Stream 66",L_CH65_P2,https://www.youtube.com/watch?v=JS2LFhZgREk
65,"LIVE Stream 66",L_CH65_P3,https://www.youtube.com/watch?v=A816UNFXaS0
65,"LIVE Stream 66",L_CH65_P4,https://www.youtube.com/watch?v=w49ZSyfo36M
66,"LIVE Stream 67",L_CH66_P0,https://www.youtube.com/watch?v=Jj0E03q6Zcw
66,"LIVE Stream 67",L_CH66_P1,https://www.youtube.com/watch?v=zi9knajcejY
66,"LIVE Stream 67",L_CH66_P2,https://www.youtube.com/watch?v=Y3fgUJ91ZvM
66,"LIVE Stream 67",L_CH66_P3,https://www.youtube.com/watch?v=77eZBLxNrfo
66,"LIVE Stream 67",L_CH66_P4,https://www.youtube.com/watch?v=Jj0E03q6Zcw
67,"LIVE Stream 68",L_CH67_P0,https://www.youtube.com/watch?v=RPrsiPQZXlw
67,"LIVE Stream 68",L_CH67_P1,https://www.youtube.com/watch?v=6nTLWGT2ZB4
67,"LIVE Stream 68",L_CH67_P2,https://www.youtube.com/watch?v=dCPiEWlAbHo
67,"LIVE Stream 68",L_CH67_P3,https://www.youtube.com/watch?v=-dmkXtBolw8
67,"LIVE Stream 68",L_CH67_P4,https://www.youtube.com/watch?v=IIvqXGAu-eU
68,"LIVE Stream 69",L_CH68_P0,https://www.youtube.com/watch?v=mzv7UswnrsU
68,"LIVE Stream 69",L_CH68_P1,https://www.youtube.com/watch?v=2wMeRyp9hTI
68,"LIVE Stream 69",L_CH68_P2,https://www.youtube.com/watch?v=MtpUWw94BVk
68,"LIVE Stream 69",L_CH68_P3,https://www.youtube.com/watch?v=w49ZSyfo36M
68,"LIVE Stream 69",L_CH68_P4,https://www.youtube.com/watch?v=w49ZSyfo36M
69,"LIVE Stream 70",L_CH69_P0,https://www.youtube.com/watch?v=RPrsiPQZXlw
69,"LIVE Stream 70",L_CH69_P1,https://www.youtube.com/watch?v=Gqlgd8rORgI
69,"LIVE Stream 70",L_CH69_P2,https://www.youtube.com/watch?v=dCPiEWlAbHo
69,"LIVE Stream 70",L_CH69_P3,https://www.youtube.com/watch?v=jy-l3ouFMS0
69,"LIVE Stream 70",L_CH69_P4,https://www.youtube.com/watch?v=1E5ZM4RWCCE
70,"LIVE Stream 71",L_CH70_P0,https://www.youtube.com/watch?v=Cj44GCykI6s
70,"LIVE Stream 71",L_CH70_P1,https://www.youtube.com/watch?v=mzv7UswnrsU
70,"LIVE Stream 71",L_CH70_P2,https://www.youtube.com/watch?v=w49ZSyfo36M
70,"LIVE Stream 71",L_CH70_P3,https://www.youtube.com/watch?v=0rEZ9Kx_SVM
70,"LIVE Stream 71",L_CH70_P4,https://www.youtube.com/watch?v=mCULxGfzPIg
71,"LIVE Stream 72",L_CH71_P0,https://www.youtube.com/watch?v=l_sEHUKTl-0
71,"LIVE Stream 72",L_CH71_P1,https://www.youtube.com/watch?v=ZLAeXxW0Frk
71,"LIVE Stream 72",L_CH71_P2,https://www.youtube.com/watch?v=qar-SlBFlsc
71,"LIVE Stream 72",L_CH71_P3,https://www.youtube.com/watch?v=Jj0E03q6Zcw
71,"LIVE Stream 72",L_CH71_P4,https://www.youtube.com/watch?v=5UdP15IyPwY
72,"LIVE Stream 73",L_CH72_P0,https://www.youtube.com/watch?v=dCPiEWlAbHo
72,"LIVE Stream 73",L_CH72_P1,https://www.youtube.com/watch?v=mCULxGfzPIg
72,"LIVE Stream 73",L_CH72_P2,https://www.youtube.com/watch?v=RPrsiPQZXlw
72,"LIVE Stream 73",L_CH72_P3,https://www.youtube.com/watch?v=zi9knajcejY
72,"LIVE Stream 73",L_CH72_P4,https://www.youtube.com/watch?v=cmMNb1wo4sY
73,"LIVE Stream 74",L_CH73_P0,https://www.youtube.com/watch?v=5UdP15IyPwY
73,"LIVE Stream 74",L_CH73_P1,https://www.youtube.com/watch?v=dCPiEWlAbHo
73,"LIVE Stream 74",L_CH73_P2,https://www.youtube.com/watch?v=Y3fgUJ91ZvM
73,"LIVE Stream 74",L_CH73_P3,https://www.youtube.com/watch?v=72fsBjqH63c
73,"LIVE Stream 74",L_CH73_P4,https://www.youtube.com/watch?v=Gqlgd8rORgI
74,"LIVE Stream 75",L_CH74_P0,https://www.youtube.com/watch?v=mzv7UswnrsU
74,"LIVE Stream 75",L_CH74_P1,https://www.youtube.com/watch?v=M07cPT7uA2o
74,"LIVE Stream 75",L_CH74_P2,https://www.youtube.com/watch?v=piorzsmDicQ
74,"LIVE Stream 75",L_CH74_P3,https://www.youtube.com/watch?v=dCPiEWlAbHo
74,"LIVE Stream 75",L_CH74_P4,https://www.youtube.com/watch?v=w49ZSyfo36M
75,"LIVE Stream 76",L_CH75_P0,https://www.youtube.com/watch?v=zneEMD-ZOSI
75,"LIVE Stream 76",L_CH75_P1,https://www.youtube.com/watch?v=JruBYA6Cdn0
75,"LIVE Stream 76",L_CH75_P2,https://www.youtube.com/watch?v=w49ZSyfo36M
75,"LIVE Stream 76",L_CH75_P3,https://www.youtube.com/watch?v=5UdP15IyPwY
75,"LIVE Stream 76",L_CH75_P4,https://www.youtube.com/watch?v=R-S3NUNTfjU
76,"LIVE Stream 77",L_CH76_P0,https://www.youtube.com/watch?v=JS2LFhZgREk
76,"LIVE Stream 77",L_CH76_P1,https://www.youtube.com/watch?v=2wMeRyp9hTI
76,"LIVE Stream 77",L_CH76_P2,https://www.youtube.com/watch?v=RPrsiPQZXlw
76,"LIVE Stream 77",L_CH76_P3,https://www.youtube.com/watch?v=3MOrgUjiigE
76,"LIVE Stream 77",L_CH76_P4,https://www.youtube.com/watch?v=TPxlXo9X0gQ
77,"LIVE Stream 78",L_CH77_P0,https://www.youtube.com/watch?v=oSPwBCMbkb4
77,"LIVE Stream 78",L_CH77_P1,https://www.youtube.com/watch?v=jFOIx7p4teQ
77,"LIVE Stream 78",L_CH77_P2,https://www.youtube.com/watch?v=77eZBLxNrfo
77,"LIVE Stream 78",L_CH77_P3,https://www.youtube.com/watch?v=NxP9Y3VMdsk
77,"LIVE Stream 78",L_CH77_P4,https://www.youtube.com/watch?v=CfLSE8zGRww
78,"LIVE Stream 79",L_CH78_P0,https://www.youtube.com/watch?v=3MOrgUjiigE
78,"LIVE Stream 79",L_CH78_P1,https://www.youtube.com/watch?v=3MOrgUjiigE
78,"LIVE Stream 79",L_CH78_P2,https://www.youtube.com/watch?v=6nTLWGT2ZB4
78,"LIVE Stream 79",L_CH78_P3,https://www.youtube.com/watch?v=1E5ZM4RWCCE
78,"LIVE Stream 79",L_CH78_P4,https://www.youtube.com/watch?v=mCULxGfzPIg
79,"LIVE Stream 80",L_CH79_P0,https://www.youtube.com/watch?v=Gqlgd8rORgI
79,"LIVE Stream 80",L_CH79_P1,https://www.youtube.com/watch?v=mzv7UswnrsU
79,"LIVE Stream 80",L_CH79_P2,https://www.youtube.com/watch?v=0rEZ9Kx_SVM
79,"LIVE Stream 80",L_CH79_P3,https://www.youtube.com/watch?v=Gqlgd8rORgI
79,"LIVE Stream 80",L_CH79_P4,https://www.youtube.com/watch?v=Jj0E03q6Zcw
80,"LIVE Stream 81",L_CH80_P0,https://www.youtube.com/watch?v=6nTLWGT2ZB4
80,"LIVE Stream 81",L_CH80_P1,https://www.youtube.com/watch?v=dCPiEWlAbHo
80,"LIVE Stream 81",L_CH80_P2,https://www.youtube.com/watch?v=MYKt1Q-ntpI
80,"LIVE Stream 81",L_CH80_P3,https://www.youtube.com/watch?v=cmMNb1wo4sY
80,"LIVE Stream 81",L_CH80_P4,https://www.youtube.com/watch?v=TPxlXo9X0gQ
81,"LIVE Stream 82",L_CH81_P0,https://www.youtube.com/watch?v=akDdJTfXeu8
81,"LIVE Stream 82",L_CH81_P1,https://www.youtube.com/watch?v=72fsBjqH63c
81,"LIVE Stream 82",L_CH81_P2,https://www.youtube.com/watch?v=1ENewOqrwLo
81,"LIVE Stream 82",L_CH81_P3,https://www.youtube.com/watch?v=akDdJTfXeu8
81,"LIVE Stream 82",L_CH81_P4,https://www.youtube.com/watch?v=RPrsiPQZXlw
82,"LIVE Stream 83",L_CH82_P0,https://www.youtube.com/watch?v=MtpUWw94BVk
82,"LIVE Stream 83",L_CH82_P1,https://www.youtube.com/watch?v=Gqlgd8rORgI
82,"LIVE Stream 83",L_CH82_P2,https://www.youtube.com/watch?v=ncyPhh3jAqI
82,"LIVE Stream 83",L_CH82_P3,https://www.youtube.com/watch?v=-dmkXtBolw8
82,"LIVE Stream 83",L_CH82_P4,https://www.youtube.com/watch?v=77eZBLxNrfo
83,"LIVE Stream 84",L_CH83_P0,https://www.youtube.com/watch?v=NxP9Y3VMdsk
83,"LIVE Stream 84",L_CH83_P1,https://www.youtube.com/watch?v=JS2LFhZgREk
83,"LIVE Stream 84",L_CH83_P2,https://www.youtube.com/watch?v=l_sEHUKTl-0
83,"LIVE Stream 84",L_CH83_P3,https://www.youtube.com/watch?v=piorzsmDicQ
83,"LIVE Stream 84",L_CH83_P4,https://www.youtube.com/watch?v=CfLSE8zGRww
84,"LIVE Stream 85",L_CH84_P0,https://www.youtube.com/watch?v=ncyPhh3jAqI
84,"LIVE Stream 85",L_CH84_P1,https://www.youtube.com/watch?v=mCULxGfzPIg
84,"LIVE Stream 85",L_CH84_P2,https://www.youtube.com/watch?v=cmMNb1wo4sY
84,"LIVE Stream 85",L_CH84_P3,https://www.youtube.com/watch?v=77eZBLxNrfo
84,"LIVE Stream 85",L_CH84_P4,https://www.youtube.com/watch?v=2aQTYHc0DBM
85,"LIVE Stream 86",L_CH85_P0,https://www.youtube.com/watch?v=l_sEHUKTl-0
85,"LIVE Stream 86",L_CH85_P1,https://www.youtube.com/watch?v=jFOIx7p4teQ
85,"LIVE Stream 86",L_CH85_P2,https://www.youtube.com/watch?v=0rEZ9Kx_SVM
85,"LIVE Stream 86",L_CH85_P3,https://www.youtube.com/watch?v=jFOIx7p4teQ
85,"LIVE Stream 86",L_CH85_P4,https://www.youtube.com/watch?v=77eZBLxNrfo
86,"LIVE Stream 87",L_CH86_P0,https://www.youtube.com/watch?v=Jj0E03q6Zcw
86,"LIVE Stream 87",L_CH86_P1,https://www.youtube.com/watch?v=l_sEHUKTl-0
86,"LIVE Stream 87",L_CH86_P2,https://www.youtube.com/watch?v=1E5ZM4RWCCE
86,"LIVE Stream 87",L_CH86_P3,https://www.youtube.com/watch?v=9UDkloqRd7s
86,"LIVE Stream 87",L_CH86_P4,https://www.youtube.com/watch?v=CfLSE8zGRww
87,"LIVE Stream 88",L_CH87_P0,https://www.youtube.com/watch?v=zi9knajcejY
87,"LIVE Stream 88",L_CH87_P1,https://www.youtube.com/watch?v=JruBYA6Cdn0
87,"LIVE Stream 88",L_CH87_P2,https://www.youtube.com/watch?v=mCULxGfzPIg
87,"LIVE Stream 88",L_CH87_P3,https://www.youtube.com/watch?v=A816UNFXaS0
87,"LIVE Stream 88",L_CH87_P4,https://www.youtube.com/watch?v=72fsBjqH63c
88,"LIVE Stream 89",L_CH88_P0,https://www.youtube.com/watch?v=jy-l3ouFMS0
88,"LIVE Stream 89",L_CH88_P1,https://www.youtube.com/watch?v=fh9cNDi8RYI
88,"LIVE Stream 89",L_CH88_P2,https://www.youtube.com/watch?v=Jj0E03q6Zcw
88,"LIVE Stream 89",L_CH88_P3,https://www.youtube.com/watch?v=0rEZ9Kx_SVM
88,"LIVE Stream 89",L_CH88_P4,https://www.youtube.com/watch?v=MYKt1Q-ntpI
89,"LIVE Stream 90",L_CH89_P0,https://www.youtube.com/watch?v=cmMNb1wo4sY
89,"LIVE Stream 90",L_CH89_P1,https://www.youtube.com/watch?v=IIvqXGAu-eU
89,"LIVE Stream 90",L_CH89_P2,https://www.youtube.com/watch?v=w49ZSyfo36M
89,"LIVE Stream 90",L_CH89_P3,https://www.youtube.com/watch?v=yjw3XxJJFik
89,"LIVE Stream 90",L_CH89_P4,https://www.youtube.com/watch?v=Cj44GCykI6s
90,"LIVE Stream 91",L_CH90_P0,https://www.youtube.com/watch?v=Cj44GCykI6s
90,"LIVE Stream 91",L_CH90_P1,https://www.youtube.com/watch?v=mCULxGfzPIg
90,"LIVE Stream 91",L_CH90_P2,https://www.youtube.com/watch?v=l_sEHUKTl-0
90,"LIVE Stream 91",L_CH90_P3,https://www.youtube.com/watch?v=MtpUWw94BVk
90,"LIVE Stream 91",L_CH90_P4,https://www.youtube.com/watch?v=jy-l3ouFMS0
91,"LIVE Stream 92",L_CH91_P0,https://www.youtube.com/watch?v=MYKt1Q-ntpI
91,"LIVE Stream 92",L_CH91_P1,https://www.youtube.com/watch?v=fh9cNDi8RYI
91,"LIVE Stream 92",L_CH91_P2,https://www.youtube.com/watch?v=77eZBLxNrfo
91,"LIVE Stream 92",L_CH91_P3,https://www.youtube.com/watch?v=w49ZSyfo36M
91,"LIVE Stream 92",L_CH91_P4,https://www.youtube.com/watch?v=2wMeRyp9hTI
92,"LIVE Stream 93",L_CH92_P0,https://www.youtube.com/watch?v=oSPwBCMbkb4
92,"LIVE Stream 93",L_CH92_P1,https://www.youtube.com/watch?v=E7QYG-D1o4Y
92,"LIVE Stream 93",L_CH92_P2,https://www.youtube.com/watch?v=Cj44GCykI6s
92,"LIVE Stream 93",L_CH92_P3,https://www.youtube.com/watch?v=77eZBLxNrfo
92,"LIVE Stream 93",L_CH92_P4,https://www.youtube.com/watch?v=MYKt1Q-ntpI
93,"LIVE Stream 94",L_CH93_P0,https://www.youtube.com/watch?v=72fsBjqH63c
93,"LIVE Stream 94",L_CH93_P1,https://www.youtube.com/watch?v=zneEMD-ZOSI
93,"LIVE Stream 94",L_CH93_P2,https://www.youtube.com/watch?v=oSPwBCMbkb4
93,"LIVE Stream 94",L_CH93_P3,https://www.youtube.com/watch?v=A816UNFXaS0
93,"LIVE Stream 94",L_CH93_P4,https://www.youtube.com/watch?v=TPxlXo9X0gQ
94,"LIVE Stream 95",L_CH94_P0,https://www.youtube.com/watch?v=dCPiEWlAbHo
94,"LIVE Stream 95",L_CH94_P1,https://www.youtube.com/watch?v=fh9cNDi8RYI
94,"LIVE Stream 95",L_CH94_P2,https://www.youtube.com/watch?v=dCPiEWlAbHo
94,"LIVE Stream 95",L_CH94_P3,https://www.youtube.com/watch?v=oSPwBCMbkb4
94,"LIVE Stream 95",L_CH94_P4,https://www.youtube.com/watch?v=77eZBLxNrfo
95,"LIVE Stream 96",L_CH95_P0,https://www.youtube.com/watch?v=dvd8E_bFpUM
95,"LIVE Stream 96",L_CH95_P1,https://www.youtube.com/watch?v=ncyPhh3jAqI
95,"LIVE Stream 96",L_CH95_P2,https://www.youtube.com/watch?v=ncyPhh3jAqI
95,"LIVE Stream 96",L_CH95_P3,https://www.youtube.com/watch?v=ncyPhh3jAqI
95,"LIVE Stream 96",L_CH95_P4,https://www.youtube.com/watch?v=gWkhyPxMdEQ
96,"LIVE Stream 97",L_CH96_P0,https://www.youtube.com/watch?v=ZLAeXxW0Frk
96,"LIVE Stream 97",L_CH96_P1,https://www.youtube.com/watch?v=MYKt1Q-ntpI
96,"LIVE Stream 97",L_CH96_P2,https://www.youtube.com/watch?v=zi9knajcejY
96,"LIVE Stream 97",L_CH96_P3,https://www.youtube.com/watch?v=2aQTYHc0DBM
96,"LIVE Stream 97",L_CH96_P4,https://www.youtube.com/watch?v=MYKt1Q-ntpI
97,"LIVE Stream 98",L_CH97_P0,https://www.youtube.com/watch?v=-dmkXtBolw8
97,"LIVE Stream 98",L_CH97_P1,https://www.youtube.com/watch?v=MYKt1Q-ntpI
97,"LIVE Stream 98",L_CH97_P2,https://www.youtube.com/watch?v=zi9knajcejY
97,"LIVE Stream 98",L_CH97_P3,https://www.youtube.com/watch?v=ZLAeXxW0Frk
97,"LIVE Stream 98",L_CH97_P4,https://www.youtube.com/watch?v=ZLAeXxW0Frk
98,"LIVE Stream 99",L_CH98_P0,https://www.youtube.com/watch?v=MtpUWw94BVk
98,"LIVE Stream 99",L_CH98_P1,https://www.youtube.com/watch?v=R-S3NUNTfjU
98,"LIVE Stream 99",L_CH98_P2,https://www.youtube.com/watch?v=oSPwBCMbkb4
98,"LIVE Stream 99",L_CH98_P3,https://www.youtube.com/watch?v=zi9knajcejY
98,"LIVE Stream 99",L_CH98_P4,https://www.youtube.com/watch?v=RPrsiPQZXlw
99,"LIVE Stream 100",L_CH99_P0,https://www.youtube.com/watch?v=ZLAeXxW0Frk
99,"LIVE Stream 100",L_CH99_P1,https://www.youtube.com/watch?v=qar-SlBFlsc
99,"LIVE Stream 100",L_CH99_P2,https://www.youtube.com/watch?v=0rEZ9Kx_SVM
99,"LIVE Stream 100",L_CH99_P3,https://www.youtube.com/watch?v=Gqlgd8rORgI
99,"LIVE Stream 100",L_CH99_P4,https://www.youtube.com/watch?v=zneEMD-ZOSI
